Workbook

Sheet Tekst
A1: andmed
A2: Aktsiakapital | B2: 600000
A3: Ostjatelt laekumata arved | B3: 60100
A4: Arvelduskonto | B4: 55900
A5: Materiaalne põhivara | B5: 420000
A6: Eelmiste aastate jaotamata kasum/kahjum | B6: 160800
A7: Kassa | B7: 4065
A8: Ettemaksed ostjatelt | B8: 35200
A9: Kaup | B9: 299870
A10: Laekumata intressid | B10: 2550
A11: Lühiajaline laen OÜ-le AAV | B11: 51000
A12: Lühiajalise investeeringuna soetatud AS Alias aktsiad | B12: 20000
A13: Palgavõlg | B13: 58560
... A15: Võlad tarnijatele | B15: 39600
A16: Kokku | B16: =SUM(B2:B15) -> 1826970
A19: Ülesande lahendamiseks:
A20: 1. Teha korrigeerimiskanded päevaraamatus.
A21: 2. Koostada kontode korrigeeritud jääkide alusel bilanss seisuga 31.12.20x2.

Sheet Majandustehingud
A2: majandustehingud
A3: 1. | B3: Arvelduskontolt tasuti kogu võlg tarnijatele
A4: 2. | B4: Osteti sõiduautosid, arve tasumata | C4: 121000
A5: 3. | B5: Peeti kinni tulumaksu | C5: 13920
A6: 4. | B6: Pangakontole laekusid intressid | C6: 2550
A7: 5. | B7: Laekus ostjatelt | C7: 48370
A8: 6. | B8: Maksti palgavõlg | C8: 44640
A9: 7. | B9: Müüdi pooled aktsiad, summa laekus panka | C9: 10000
A10: 8. | B10: Osteti kaupa, arve tasumata | C10: 24600
A11: 9. | B11: Maksti sotsiaalmaksuvõlg | C11: 19325

Sheet Päevaraamat
A1: PÄEVARAAMAT
A2: Jrk nr | B2: Kuupäev | C2: Raamatupidamiskande sisu | D2: Konto | E2: Summa
E3: DEEBET | F3: KREEDIT
A4: 1 | C4: Arvelduskontolt tasuti kogu võlg tarnijatele | D4: arvelduskonto | F4: =Tekst!B15 -> 39600
D5: võlad tarnijatele | E5: =Tekst!B15 -> 39600
A6: 2 | C6: Osteti sõiduautosid, arve tasumata | D6: materiaalne põhivara | E6: =Majandustehingud!C4 -> 121000
D7: võlad tarnijatele | F7: =Majandustehingud!C4 -> 121000
A8: 3 | C8: Peeti kinni tulumaksu | D8: tm võlg | F8: =Majandustehingud!C5 -> 13920
D9: palgavõlg | E9: =Majandustehingud!C5 -> 13920
A10: 4 | C10: Pangakontole laekusid intressid | D10: Laekumata intressid | F10: =Majandustehingud!C6 -> 2550
D11: arvelduskonto | E11: =Majandustehingud!C6 -> 2550
A12: 5 | C12: Laekus ostjatelt | D12: arvelduskonto | E12: =Majandustehingud!C7 -> 48370
D13: ostjatelt laekumata arved | F13: =Majandustehingud!C7 -> 48370
A14: 6 | C14: Maksti palgavõlg | D14: arvelduskonto | F14: =Majandustehingud!C8 -> 44640
D15: palgavõlg | E15: =Majandustehingud!C8 -> 44640
A16: 7 | C16: Müüdi pooled aktsiad, summa laekus panka | D16: arvelduskonto | E16: =Majandustehingud!C9 -> 10000
D17: aktsiakapital | F17: =Majandustehingud!C9 -> 10000
A18: 8 | C18: Osteti kaupa, arve tasumata | D18: kaup | E18: =Majandustehingud!C10 -> 24600
D19: võlad tarnijatele | F19: =Majandustehingud!C10 -> 24600
A20: 9 | C20: Maksti sotsiaalmaksuvõlg | D20: arvelduskonto | F20: =Majandustehingud!C11 -> 19325
D21: sm võlg | E21: =Majandustehingud!C11 -> 19325
D22: kokku | E22: =SUM(E4:E21) -> 324005 | F22: =SUM(F4:F21) -> 324005

Sheet T-kontod
A1: PEARAAMAT
A3: D | B3: Kassa | E3: K | G3: D | H3: Lühiajalise investeeringuna soetatud AS Alias aktsiad | K3: K | M3: D | N3: Võlad tarnijatele | Q3: K | S3: D | T3: Aktsiakapital | W3: K
A4: S0 | B4: =Tekst!B7 -> 4065 | G4: S0 | H4: =Tekst!B12 -> 20000 | O4: S0 | P4: =Tekst!B15 -> 39600 | U4: S0 | V4: =Tekst!B2 -> 600000
I5: 7. | J5: =Päevaraamat!F17 -> 10000 | M5: 1. | N5: =Päevaraamat!E5 -> 39600 | O5: 2. | P5: =Päevaraamat!F7 -> 121000
O6: 8. | P6: =Päevaraamat!F19 -> 24600
A10: DK | B10: 0 | C10: KK | D10: 0 | G10: DK | H10: =SUM(H5:H9) -> 0 | I10: KK | J10: 10000 | M10: DK | N10: =SUM(N5:N9) -> 39600 | O10: KK | P10: =SUM(P5:Q9) -> 145600 | S10: DK | T10: =SUM(T5:T9) -> 0 | U10: KK | V10: =SUM(V5:W9) -> 0
A11: S1 | B11: =B4+B10-D10 -> 4065 | G11: S1 | H11: =H4+H10-J10 -> 10000 | O11: S1 | P11: =P4+P10-N10 -> 145600 | U11: S1 | V11: =V4+V10-T10 -> 600000
A13: D | B13: Arvelduskonto | E13: K | G13: D | H13: Lühiajaline laen OÜ-le AAV | K13: K | M13: D | N13: Ettemaksed ostjatelt | Q13: K | S13: D | T13: Eelmiste aastate jaotamata kasum/kahjum | W13: K
A14: S0 | B14: =Tekst!B4 -> 55900 | G14: S0 | H14: =Tekst!B11 -> 51000 | O14: S0 | P14: =Tekst!B8 -> 35200 | U14: S0 | V14: =Tekst!B6 -> 160800
A15: 4. | B15: =Päevaraamat!E11 -> 2550 | C15: 1. | D15: =Päevaraamat!F4 -> 39600
A16: 5. | B16: =Päevaraamat!E12 -> 48370 | C16: 6. | D16: =Päevaraamat!F14 -> 44640
A17: 7. | B17: =Päevaraamat!E16 -> 10000 | C17: 9. | D17: =Päevaraamat!F20 -> 19325
A20: DK | B20: =SUM(B15:B19) -> 60920 | C20: KK | D20: =SUM(D15:E19) -> 103565 | G20: DK | H20: =SUM(H15:H19) -> 0 | I20: KK | J20: =SUM(J15:K19) -> 0 | M20: DK | N20: =SUM(N15:N19) -> 0 | O20: KK | P20: =SUM(P15:Q19) -> 0 | S20: DK | T20: =SUM(T15:T19) -> 0 | U20: KK | V20: =SUM(V15:W19) -> 0
A21: S1 | B21: =B14+B20-D20 -> 13255 | G21: S1 | H21: =H14+H20-J20 -> 51000 | O21: S1 | P21: =P14+P20-N20 -> 35200 | U21: S1 | V21: =V14+V20-T20 -> 160800
A23: D | B23: Ostjatelt laekumata arved | E23: K | G23: D | H23: Kaup | K23: K | M23: D | N23: Palgavõlg | Q23: K | S23: D | W23: K
A24: S0 | B24: =Tekst!B3 -> 60100 | G24: S0 | H24: =Tekst!B9 -> 299870 | O24: S0 | P24: =Tekst!B13 -> 58560
C25: 5. | D25: =Päevaraamat!F13 -> 48370 | G25: 8. | H25: =Päevaraamat!E18 -> 24600 | M25: 3. | N25: =Päevaraamat!E9 -> 13920
M26: 6. | N26: =Päevaraamat!E15 -> 44640
A30: DK | B30: =SUM(B25:B29) -> 0 | C30: KK | D30: =SUM(D25:E29) -> 48370 | G30: DK | H30: =SUM(H25:H29) -> 24600 | I30: KK | J30: 0 | M30: DK | N30: =SUM(N25:N29) -> 58560 | O30: KK | P30: =SUM(P25:Q29) -> 0
A31: S1 | B31: =B24+B30-D30 -> 11730 | G31: S1 | H31: =H24+H30-J30 -> 324470 | O31: S1 | P31: =P24+P30-N30 -> 0
A33: D | B33: Laekumata intressid | E33: K | G33: D | H33: Materiaalne põhivara | K33: K | M33: D | N33: Sotsiaalmaksu võlg | Q33: K | S33: D | T33: Üksikisiku tulumaksu võlg | W33: K
A34: S0 | B34: =Tekst!B10 -> 2550 | G34: S0 | H34: =Tekst!B5 -> 420000 | O34: S0 | P34: =Tekst!B14 -> 19325 | U34: S0 | V34: 0
C35: 4. | D35: =Päevaraamat!F10 -> 2550 | G35: 2. | H35: =Päevaraamat!E6 -> 121000 | M35: 9. | N35: =Päevaraamat!E21 -> 19325 | U35: 3. | V35: =Päevaraamat!F8 -> 13920
A40: DK | B40: =SUM(B35:B39) -> 0 | C40: KK | D40: =SUM(D35:E39) -> 2550 | G40: DK | H40: =SUM(H35:H39) -> 121000 | I40: KK | J40: 0 | M40: DK | N40: =SUM(N35:N39) -> 19325 | O40: KK | P40: =SUM(P35:Q39) -> 0 | S40: DK | T40: =SUM(T35:T39) -> 0 | U40: KK | V40: =SUM(V35:W39) -> 13920
A41: S1 | B41: =B34+B40-D40 -> 0 | G41: S1 | H41: =H34+H40-J40 -> 541000 | O41: S1 | P41: =P34+P40-N40 -> 0 | U41: S1 | V41: =V34+V40-T40 -> 13920

Sheet Käibeandmik
A2: Käibeandmik
D3: Saldo 01.12.20X2 | F3: Käibed dets. 20X2 | H3: Saldo 31.12.20X2
A4: Jrk. nr. | B4: Konto nr. | C4: Konto nimetus | D4: D | E4: K | F4: D | G4: K | H4: D | I4: K
A5: 1. | C5: Kassa | D5: ='T-kontod'!B4 -> 4065 | E5: 0 | F5: ='T-kontod'!B10 -> 0 | G5: 0 | H5: =D5+F5-G5 -> 4065 | I5: 0
A6: 2. | C6: Arvelduskonto | D6: ='T-kontod'!B14 -> 55900 | E6: 0 | F6: ='T-kontod'!B20 -> 60920 | G6: 103565 | H6: =D6+F6-G6 -> 13255 | I6: 0
A7: 3. | C7: Investeeringuna soetatud AS Alias aktsiad | D7: ='T-kontod'!H4 -> 20000 | E7: 0 | F7: 0 | G7: 10000 | H7: =D7+F7-G7 -> 10000 | I7: 0
A8: 4. | C8: Laekumata intressid | D8: ='T-kontod'!B34 -> 2550 | E8: 0 | F8: 0 | G8: 2550 | H8: =D8+F8-G8 -> 0 | I8: 0
A9: 5. | C9: Ostjatelt laekumata arved | D9: ='T-kontod'!B24 -> 60100 | E9: 0 | F9: 0 | G9: 48370 | H9: =D9+F9-G9 -> 11730 | I9: 0
A10: 6. | C10: Lühiajaline laen OÜ-le AAV | D10: ='T-kontod'!H14 -> 51000 | E10: 0 | F10: 0 | G10: 0 | H10: =D10+F10-G10 -> 51000 | I10: 0
A11: 7. | C11: Kaup | D11: ='T-kontod'!H24 -> 299870 | E11: 0 | F11: ='T-kontod'!H30 -> 24600 | G11: 0 | H11: =D11+F11-G11 -> 324470 | I11: 0
A12: 8. | C12: Materiaalsed põhivarad | D12: ='T-kontod'!H34 -> 420000 | E12: 0 | F12: ='T-kontod'!H40 -> 121000 | G12: 0 | H12: =D12+F12-G12 -> 541000 | I12: 0
A13: 9. | C13: Võlad tarnijatele | D13: 0 | E13: 39600 | F13: ='T-kontod'!N10 -> 39600 | G13: 145600 | H13: 0 | I13: =E13+G13-F13 -> 145600
A14: 10. | C14: Ettemaksed ostjatelt | D14: 0 | E14: 35200 | F14: 0 | G14: 0 | H14: 0 | I14: =E14+G14-F14 -> 35200
A15: 11. | C15: Palgavõlg | D15: 0 | E15: 58560 | F15: ='T-kontod'!N30 -> 58560 | G15: 0 | H15: 0 | I15: =E15+G15-F15 -> 0
A16: 12. | C16: Sotsiaalmaksu võlg | D16: 0 | E16: 19325 | F16: ='T-kontod'!N40 -> 19325 | G16: 0 | H16: 0 | I16: =E16+G16-F16 -> 0
A17: 13. | C17: Üksikisiku tulumaksu võlg | D17: 0 | E17: 0 | F17: 0 | G17: 13920 | H17: 0 | I17: =E17+G17-F17 -> 13920
A18: 14. | C18: Aktsiakapital | D18: 0 | E18: 600000 | F18: 0 | G18: 0 | H18: 0 | I18: =E18+G18-F18 -> 600000
A19: 15. | C19: Eelmiste aastate jaotamata kasum/kahjum | D19: 0 | E19: 160800 | F19: 0 | G19: 0 | H19: 0 | I19: =E19+G19-F19 -> 160800
C20: Kokku | D20: =SUM(D5:D19) -> 913485 | E20: =SUM(E5:E19) -> 913485 | F20: =SUM(F5:F19) -> 324005 | G20: =SUM(G5:G19) -> 324005 | H20: =SUM(H5:H19) -> 955520 | I20: =SUM(I5:I19) -> 955520

Sheet Bilanss
A3: Bilanss (eurodes)
A4: AKTIVA (varad) | B4: Summa | C4: PASSIVA (kohustised ja omakapital) | D4: Summa
A5: Käibevarad | C5: Kohustised
A6: Ostjatelt laekumata arved | B6: =Käibeandmik!H9 -> 11730 | C6: Lühiajalised kohustised
A7: Arvelduskonto | B7: =Käibeandmik!H6 -> 13255 | C7: Ettemaksed ostjatelt | D7: =Käibeandmik!I14 -> 35200
A8: Kassa | B8: =Käibeandmik!H5 -> 4065 | C8: tm võlg | D8: =Käibeandmik!G17 -> 13920
A9: Kaup | B9: =Käibeandmik!H11 -> 324470 | C9: Võlad tarnijatele | D9: =Käibeandmik!G13 -> 145600
A10: Lühiajalise investeeringuna soetatud AS Alias aktsiad | B10: =Käibeandmik!H7 -> 10000
A11: Lühiajaline laen OÜ-le AAV | B11: =Käibeandmik!H10 -> 51000
A16: Käibevarad kokku | B16: =SUM(B6:B15) -> 414520 | C16: Lühiajalised kohustised kokku | D16: =SUM(D7:D15) -> 194720
A17: Põhivarad | C17: Pikaajalised kohustised | D17: 0
A18: Materiaalne põhivara | B18: =Käibeandmik!H12 -> 541000
C25: Pikaajalised kohustised kokku | D25: =SUM(D17:D24) -> 0
C26: Kohustised kokku | D26: =SUM(D16) -> 194720
C27: Omakapital
C28: Aktsiakapital | D28: =Tekst!B2 -> 600000
C29: Eelmiste aastate jaotamata kasum/kahjum | D29: =Tekst!B6 -> 160800
A34: Põhivarad kokku | B34: =SUM(B18:B33) -> 541000 | C34: Omakapital kokku | D34: =SUM(D28:D33) -> 760800
A35: AKTIVA (VARAD) KOKKU | B35: =SUM(B34+B16) -> 955520 | C35: PASSIVA KOKKU | D35: =SUM(D34+D26) -> 955520
